all_alive_fraction,arm,attn_ari,attn_input,attn_nmi,cross_nmse_gene_to_image,cross_nmse_image_to_gene,elapsed_seconds,section_id,self_nmse_gene,self_nmse_image,sum_ari,sum_nmi,support_ari,support_nmi
1.0,a_paper_faithful,,,,0.0709631184444708,0.9222312779987559,31.77165004098788,151507,0.855000425787533,0.15930049033725963,0.1481302786910408,0.35116658617874397,0.2595691720331453,0.39975113882816404
1.0,a_paper_faithful,,,,0.07871310081746843,0.927963462140825,31.88879850000376,151508,0.8639177216423882,0.1587670776579115,0.21046529568166594,0.34196111622503184,0.3177572060982505,0.4556447054204107
1.0,a_paper_faithful,,,,0.07419866029369204,0.9241267599557575,34.271721875004005,151509,0.8569431242189909,0.15372173292072197,0.26682199152227076,0.4093805912455413,0.2755969502024367,0.3962664824632853
1.0,a_paper_faithful,,,,0.07062553572985861,0.9213970833354526,33.877246500051115,151510,0.8561272588041093,0.1567621421482828,0.18614995507851856,0.36413491315295404,0.25675859018262626,0.4115352230003924
1.0,a_paper_faithful,,,,0.08196315119663874,0.9241595268249512,25.442257416958455,151669,0.8573815902074178,0.16059860785802205,-0.0030869540029029286,0.021592475603153537,0.42532461893622425,0.3012084863198465
1.0,a_paper_faithful,,,,0.07676501039947782,0.9209569948060172,24.09676441695774,151670,0.8508324878556388,0.1596867793372699,-0.04019040489118144,0.01662681823699214,0.5255943314948509,0.4290440151750227
1.0,a_paper_faithful,,,,0.07829374726861715,0.9260130003094673,27.89584808400832,151671,0.8559246733784676,0.15480752382427454,-0.035195768956631616,0.017607999346710382,0.1634888923625047,0.25591292201028193
1.0,a_paper_faithful,,,,0.07311920961365104,0.9204094484448433,27.24172858404927,151672,0.8536687791347504,0.1695250514894724,0.0922146209818533,0.211170127110005,0.10607555940126005,0.20870625250099295
1.0,a_paper_faithful,,,,0.07601271520058314,0.9060596783955892,25.475745792035013,151673,0.8400521238644918,0.16672258973121643,0.18640969692931514,0.4114879256134935,0.2266617197839004,0.36098025427098285
1.0,a_paper_faithful,,,,0.07155821869770686,0.9055410226186117,25.42285862501012,151674,0.8388553142547608,0.15986788173516592,0.09089540022902304,0.2775083521701043,0.2156733230069042,0.3602749983049724
1.0,a_paper_faithful,,,,0.06320055041994367,0.9024738030774253,24.449817417014856,151675,0.8337387655462537,0.1674384049006871,0.18756080471446424,0.366375766475026,0.20075066142057676,0.37907498646211135
1.0,a_paper_faithful,,,,0.0654771990541901,0.9051577278545925,23.881501749972813,151676,0.8363384434155056,0.1657551931483405,0.12369116366317252,0.30051061585361827,0.22117379957520059,0.3257776940239783
1.0,b_norm_logits,,,,0.06957359480507233,0.9261728104423074,30.908401374996174,151507,0.8612533176646513,0.1532420393298654,0.1743219599600438,0.3294257763897968,0.18475756044368596,0.3425665334031225
1.0,b_norm_logits,,,,0.07994849979877472,0.9317132731278738,33.337572791962884,151508,0.8700999882486131,0.15186059888866213,0.21399604034754588,0.3397719162769401,0.24937096113041185,0.42900276110080854
1.0,b_norm_logits,,,,0.0742181645412194,0.9278626379213835,34.78831883397652,151509,0.8625651221526297,0.1489637564671667,0.03881188429853148,0.11326597730904157,0.22868281893014566,0.36973699734037413
1.0,b_norm_logits,,,,0.07049677396814029,0.9258158736758761,33.7155922499951,151510,0.8626701633135477,0.14985269556442896,0.2459230103527425,0.37619404530988865,0.1966146219611315,0.33228547793758273
1.0,b_norm_logits,,,,0.08094885895649592,0.9268802483876546,27.432442207995337,151669,0.862315571308136,0.15889677306016287,-0.005157619352748305,0.02676461459836602,0.06077032696580561,0.08251211422914784
1.0,b_norm_logits,,,,0.0765606936599527,0.9236982422215598,25.976716083998326,151670,0.8559560605457851,0.15803200964416778,0.034959433236982466,0.02030827003921763,0.3266659842580662,0.3831533523283409
1.0,b_norm_logits,,,,0.07847711583599448,0.9290089197456837,29.450920707953628,151671,0.8616309277713299,0.15216089691966772,-0.03725944554813424,0.022592455397195867,0.21490156915047173,0.27275911277272413
1.0,b_norm_logits,,,,0.07299353973940015,0.925014853477478,31.275422000035178,151672,0.8598398603498936,0.16308224759995937,0.00894021255842201,0.0177142984455192,0.07625247658677056,0.18619040786645685
1.0,b_norm_logits,,,,0.07472187727689743,0.9096037944157919,29.602952583984006,151673,0.8456141273180644,0.16182103157043456,0.16270179575258117,0.35972469694626324,0.1970332031602343,0.3482556314856778
1.0,b_norm_logits,,,,0.07187643597523372,0.9087257067362468,30.463531583023723,151674,0.8437097390492757,0.15636058549086254,0.09427706235154111,0.2845521604986903,0.17329877608253522,0.2934128509487784
1.0,b_norm_logits,,,,0.06274231736149107,0.9077829718589783,30.538574250007514,151675,0.8404706290790013,0.1600840070417949,0.15003411420273965,0.3635816963400546,0.22931303728326258,0.4049706979019138
1.0,b_norm_logits,,,,0.06585325726440974,0.9096766880580357,28.920570917020086,151676,0.8425507928643908,0.15947645902633667,0.12477991670713619,0.30277332729314954,0.17192348912702984,0.3267676364046655
0.9990234375,c_mlp_encoder,,,,0.1413616774713292,0.924127624315374,33.71169229201041,151507,0.9045686090693754,0.2060847150928834,0.17897524663419478,0.33464538556335344,0.26500487258776534,0.410293157976876
1.0,c_mlp_encoder,,,,0.15130177719725502,0.9325729873445299,35.63813100004336,151508,0.9149545464250777,0.20638664729065365,0.21219225992291263,0.3741983817910682,0.30323087032489987,0.426237601785597
1.0,c_mlp_encoder,,,,0.1399898521210018,0.9268891278066134,36.707279666967224,151509,0.9063142789037604,0.1996449224258724,0.3536524410346949,0.42569732943376365,0.31011412799208,0.39950153809175737
0.998046875,c_mlp_encoder,,,,0.13726573520236546,0.9247890346580081,36.00543945899699,151510,0.9060017334090339,0.1937453622619311,0.23294689914944672,0.41266365036642927,0.3099929259528441,0.4158772915295245
0.998046875,c_mlp_encoder,,,,0.1553620477517446,0.9262631853421529,28.767974874994252,151669,0.9074128786722819,0.2224103977282842,0.39233100132713206,0.3317091433745589,0.1937112755661013,0.3061692940132449
0.9990234375,c_mlp_encoder,,,,0.14888935003961837,0.9212330452033451,26.95562779199099,151670,0.9014921954699925,0.22112153044768743,0.11279539183029319,0.13928245518839916,0.21367139253877193,0.2919655396555305
0.9990234375,c_mlp_encoder,,,,0.14217275287956,0.9268633723258972,41.9436277920031,151671,0.9053496271371841,0.20528816897422075,-0.026622099827595055,0.12681947666836074,0.10335760230485334,0.17277182461343013
0.9970703125,c_mlp_encoder,,,,0.1580934775993228,0.9237558431923389,37.11119374999544,151672,0.9036910608410835,0.22246563248336315,0.040453270064990145,0.14072604966168495,0.1091118847310699,0.1880945294548148
0.9990234375,c_mlp_encoder,,,,0.17119022409121196,0.9061578869819641,31.463876167021226,151673,0.8886955261230469,0.2358123282591502,0.18672130405726073,0.3521626989211106,0.2886389434645052,0.4400858585057118
0.998046875,c_mlp_encoder,,,,0.15146469473838806,0.9055716713269552,31.810119165980723,151674,0.8866615891456604,0.21836567521095276,0.27890971680020166,0.4218224198641256,0.2783876531550003,0.3794822116679138
0.9990234375,c_mlp_encoder,,,,0.14728532518659318,0.9007999513830457,30.13175574998604,151675,0.8812489679881504,0.21599755649055755,0.18715059758632777,0.37487840636313424,0.31870155771045844,0.39945124994223297
1.0,c_mlp_encoder,,,,0.1441300596509661,0.9031776785850525,27.667801917006727,151676,0.88422001685415,0.2107078262737819,0.188188105811561,0.3562524150263884,0.2341828456847759,0.3708994246455322
1.0,d_spatial_topk,,,,0.1609246362658108,0.9304897364448098,54.30104033299722,151507,0.8824542129740995,0.22615463242811315,0.20741079440046523,0.39006179611118974,0.35412177702718745,0.4795813002295204
1.0,d_spatial_topk,,,,0.15337343431181377,0.9378447863790724,59.26060087495716,151508,0.8946717083454132,0.20212909330924353,0.22709742180124795,0.36122975404571916,0.3283465034661941,0.47409438094561823
1.0,d_spatial_topk,,,,0.16540125012397766,0.9305585936496132,59.22730437503196,151509,0.8839709476420754,0.2241643698591935,0.27764355249816086,0.4361562323030944,0.3618473370614612,0.5255304397418267
1.0,d_spatial_topk,,,,0.1530564402540525,0.9302473366260529,55.36638637498254,151510,0.8839171131451925,0.21733858436346054,0.2157037463662427,0.40355845572318777,0.2818398725494797,0.4494513120151303
1.0,d_spatial_topk,,,,0.16592776377995808,0.933151920636495,45.255925208039116,151669,0.8879351178805034,0.2158061812321345,0.01977972003438731,0.0042681712943914195,0.2189702201878377,0.4037658749376356
1.0,d_spatial_topk,,,,0.1663877165743283,0.9299605361052922,42.02394283399917,151670,0.8819100643907275,0.2158344920192446,0.018422270196959075,0.06303831780595855,0.33273229511054947,0.43067808373137517
1.0,d_spatial_topk,,,,0.1602109894156456,0.9339890331029892,48.97739295801148,151671,0.8858991637825966,0.20848514791578054,0.044955673200128124,0.19698610815689313,0.1466091490870087,0.28842091379913737
1.0,d_spatial_topk,,,,0.18212619796395302,0.9292467534542084,46.852954209025484,151672,0.8796189352869987,0.2559028649702668,0.0930288426568488,0.18871110665548665,0.23723354041302483,0.3936560012419913
1.0,d_spatial_topk,,,,0.16269740064938862,0.9131448904673258,44.91079895797884,151673,0.8673805395762125,0.2249488244454066,0.1855514949925073,0.3842523703038922,0.35876297946062385,0.5548094634805555
1.0,d_spatial_topk,,,,0.14929674665133158,0.9131317655245463,44.213772875024006,151674,0.8665890574455262,0.2101957549651464,0.06441816760455327,0.22077006223715845,0.30735696016175157,0.45537478636643836
1.0,d_spatial_topk,,,,0.17456997824566706,0.9101131047521319,43.256944875000045,151675,0.8579198590346745,0.2585846015385219,0.18565241619608944,0.37615949916806146,0.28711066844959904,0.49483477871643
1.0,d_spatial_topk,,,,0.15869141689368657,0.9146115098680768,41.37510212499183,151676,0.8637359440326691,0.23095058436904634,0.16762843349759954,0.3268957264785318,0.31996129745673063,0.4472587322063176
1.0,e_spatial_plus_attention,0.40081793818090156,support,0.5180796937788482,0.1609246362658108,0.9304897364448098,80.50307916698512,151507,0.8824542129740995,0.22615463242811315,0.20741079440046523,0.39006179611118974,0.35412177702718745,0.4795813002295204
1.0,e_spatial_plus_attention,0.32637499706862877,support,0.4760076261658957,0.15337343431181377,0.9378447863790724,92.19765904097585,151508,0.8946717083454132,0.20212909330924353,0.22709742180124795,0.36122975404571916,0.3283465034661941,0.47409438094561823
1.0,e_spatial_plus_attention,0.4963289122624234,support,0.5279630246294251,0.16540125012397766,0.9305585936496132,107.3062667499762,151509,0.8839709476420754,0.2241643698591935,0.27764355249816086,0.4361562323030944,0.3618473370614612,0.5255304397418267
1.0,e_spatial_plus_attention,0.45281950331438564,support,0.518247805043171,0.1530564402540525,0.9302473366260529,97.76425708300667,151510,0.8839171131451925,0.21733858436346054,0.2157037463662427,0.40355845572318777,0.2818398725494797,0.4494513120151303
1.0,e_spatial_plus_attention,0.3349766789925006,support,0.49119152586787945,0.16592776377995808,0.933151920636495,76.91775700001745,151669,0.8879351178805034,0.2158061812321345,0.01977972003438731,0.0042681712943914195,0.2189702201878377,0.4037658749376356
1.0,e_spatial_plus_attention,0.3862382075897084,support,0.444506195837437,0.1663877165743283,0.9299605361052922,73.38992016599514,151670,0.8819100643907275,0.2158344920192446,0.018422270196959075,0.06303831780595855,0.33273229511054947,0.43067808373137517
1.0,e_spatial_plus_attention,0.3518593224879791,support,0.45433099463029664,0.1602109894156456,0.9339890331029892,88.23666558298282,151671,0.8858991637825966,0.20848514791578054,0.044955673200128124,0.19698610815689313,0.1466091490870087,0.28842091379913737
1.0,e_spatial_plus_attention,0.3182671277604017,support,0.4682367052943899,0.18212619796395302,0.9292467534542084,97.31481291702949,151672,0.8796189352869987,0.2559028649702668,0.0930288426568488,0.18871110665548665,0.23723354041302483,0.3936560012419913
1.0,e_spatial_plus_attention,0.3280058577322544,support,0.49009417009612394,0.16269740064938862,0.9131448904673258,78.20103804202517,151673,0.8673805395762125,0.2249488244454066,0.1855514949925073,0.3842523703038922,0.35876297946062385,0.5548094634805555
1.0,e_spatial_plus_attention,0.3239572434543874,support,0.4267472202782496,0.14929674665133158,0.9131317655245463,76.48943862505257,151674,0.8665890574455262,0.2101957549651464,0.06441816760455327,0.22077006223715845,0.30735696016175157,0.45537478636643836
1.0,e_spatial_plus_attention,0.34716962682683394,support,0.4730706895961111,0.17456997824566706,0.9101131047521319,76.27398233301938,151675,0.8579198590346745,0.2585846015385219,0.18565241619608944,0.37615949916806146,0.28711066844959904,0.49483477871643
1.0,e_spatial_plus_attention,0.2885037746921351,support,0.4474876296611591,0.15869141689368657,0.9146115098680768,77.82744720799383,151676,0.8637359440326691,0.23095058436904634,0.16762843349759954,0.3268957264785318,0.31996129745673063,0.4472587322063176
