ari,batch_size,elapsed_seconds,epochs,nmi,section_id,self_nmse_gene,stage1_sum_ari,stage1_sum_nmi,stage1_support_ari,stage1_support_nmi,stage2_input
0.4039102508289365,32,153.1334367080126,50,0.503751046436058,151507,0.8615073931939674,0.014650168249736698,0.06360273954739039,0.3347756487018394,0.43495552106363183,support
0.4583670299459317,32,144.69411595794372,50,0.5681152006863299,151508,0.8711075617449127,0.2401847139934833,0.43278529122594095,0.4407408643720856,0.5338395593569444,support
0.5519151533125097,32,169.1953714590054,50,0.5804846963892556,151509,0.8721095796426137,0.28900750102103995,0.44443543081387665,0.40569734522679646,0.5012791570582664,support
0.4586407896929627,32,163.22217987501062,50,0.4948867261243401,151510,0.8673106986615393,0.21480244619538377,0.3892002392273143,0.2797213183440205,0.44840202613882113,support
0.35366525053108744,32,127.5524840829894,50,0.4926262170958373,151669,0.858124315738678,0.002399103485090278,0.07188901993300621,0.20914082479109433,0.35513003873719745,support
0.3542288884877785,32,120.89554954192135,50,0.41516108764171933,151670,0.8532139347233904,0.01766393366898899,0.035345377842061806,0.27486431253037025,0.3706901277189394,support
0.36372203533450365,32,146.41888266603928,50,0.49912027406328335,151671,0.8676221738569438,-0.027290848704747413,0.016186801867515782,0.42564607855460035,0.5408952148957153,support
0.3399654626107539,32,134.4565407090122,50,0.48673153676731223,151672,0.8460764152104737,0.08770817092689585,0.20676276678325436,0.2507127475316041,0.410189924813532,support
0.4373614125828546,32,122.17684295901563,50,0.5591095249516559,151673,0.8261419239297377,0.1717799382614081,0.3369404332856809,0.47086269680451914,0.6341388784233609,support
0.33260845801426775,32,125.41027054202277,50,0.4533305822827472,151674,0.833718747946254,0.1603318791717233,0.3915316097781164,0.3559582427199944,0.4913704677651789,support
0.3885120301162747,32,122.44919012498576,50,0.527942167808533,151675,0.8206095764679568,0.20050988511799708,0.39163118468618724,0.4123926909803396,0.5513334176487251,support
0.28993916856026064,32,118.71310066711158,50,0.4564934749368152,151676,0.8269861417788046,0.1360687541608317,0.315633699984188,0.2398123495614688,0.4022134310906256,support
0.38164318296444205,64,100.55765525007155,50,0.5030847762917611,151507,0.8567168125600526,0.014066040655675932,0.05734060825575316,0.27048931648111973,0.48248691317841946,support
0.4908272319639185,64,96.51944429089781,50,0.5492680199681961,151508,0.8657997630644536,0.23730099347295722,0.3777478066391357,0.4339430911379422,0.5225712762831308,support
0.4679487224247669,64,115.0908024579985,50,0.575329529843559,151509,0.8650352803866068,0.035429360675208535,0.12420774081935167,0.26105962576466035,0.48447412529174105,support
0.46868426203252866,64,109.6566129999701,50,0.5078913851180857,151510,0.8619657556215922,0.029426959239440643,0.10758317411694805,0.3376751187046769,0.47798597826953027,support
0.34310504082540677,64,83.56775104207918,50,0.4657415483548655,151669,0.8539127822507891,0.01738975920580427,0.004182987331964067,0.29719946975264117,0.422931057099119,support
0.32382104637127407,64,79.47808237501886,50,0.3754675379092918,151670,0.8508717742833224,0.00981285942001324,0.017656946460894215,0.2717284388424134,0.3429588090964913,support
0.3451053138746126,64,94.08930362504907,50,0.4669005853692668,151671,0.8617538725957274,-0.037324112059334065,0.02206243258697171,0.2643287513989388,0.3617894880672274,support
0.32405994313086517,64,88.112378916936,50,0.4426969478000468,151672,0.8440800573005051,0.09213814281157504,0.23789792094156034,0.23737452542641335,0.37546575111015035,support
0.30636179777984596,64,81.72691470896825,50,0.472902840517323,151673,0.8253349118065416,0.17285362366061738,0.3981187074416115,0.4562071448999154,0.6112731269598491,support
0.3706578493331386,64,83.55249254102819,50,0.49089898226323025,151674,0.8317054949308696,0.12350226136323109,0.3403885679956425,0.3529880895713604,0.4834786008775875,support
0.361590934270421,64,81.43013120791875,50,0.49905961862881276,151675,0.8213881541575704,0.18838523183023498,0.3817860772981175,0.2724911867836883,0.4722937781267668,support
0.27006096088553894,64,78.32951012498233,50,0.4292883412942499,151676,0.8261654200377287,0.11502889545093378,0.2944971686189802,0.3887588731011094,0.5145710981674111,support
0.3756541702425027,128,77.71446070901584,50,0.5037887834237281,151507,0.8657455968134331,0.18797366643911576,0.3372002799861685,0.35149429296332985,0.43912050906157746,support
0.3661606252152637,128,79.56230516696814,50,0.5045390460673642,151508,0.8749017034258161,0.22829802003180957,0.35649706253095603,0.33100463330316965,0.5144677425296025,support
0.4415046158268434,128,88.12861975003034,50,0.5462792685042499,151509,0.8710742608497017,0.03982013982413334,0.10790797315583994,0.3269788641779129,0.492745488423723,support
0.4694113755302054,128,83.91764462506399,50,0.5047300097935262,151510,0.8693389147520065,0.19218731609883555,0.34314852567626336,0.27388133763786077,0.453250147213749,support
0.35093164023107615,128,64.97912495804485,50,0.5000074683642522,151669,0.8658547833048064,-0.004998297580750911,0.05910750989285514,0.288444664459174,0.4095315245864227,support
0.35817044510072155,128,62.072299709077924,50,0.42812613235930064,151670,0.8656163854258401,-0.03916172627589539,0.016932831304963314,0.4030033912096878,0.4988770035140606,support
0.3341952628396592,128,73.70075870805886,50,0.46481041258656897,151671,0.8702763579785824,-0.024751087230402737,0.015045754105952098,0.11564977325360207,0.30860505315256737,support
0.3009145191110772,128,70.09151554107666,50,0.513304349406706,151672,0.8565092086791992,0.08928672762196388,0.18372439172640706,0.18271864036871735,0.3425479318949938,support
0.2691853902116514,128,88.12452979199588,50,0.4184207880926314,151673,0.8407579927608885,0.18396613860970462,0.3571138441047785,0.3030077205535594,0.48928423089558143,support
0.35286476354393026,128,82.66534779197536,50,0.46022738282046244,151674,0.8443260583384283,0.06259973913476717,0.1776184630921995,0.366333404517735,0.4535419639287459,support
0.35104567764263567,128,65.88796891702805,50,0.4825769212284714,151675,0.8360112905502319,0.20980195871813567,0.3967690158554685,0.3330791666452433,0.4471857241311199,support
0.2781547882371894,128,61.49694620806258,50,0.4342175476285495,151676,0.8408721111438893,0.17372442345408942,0.33366462073016767,0.2514900283461345,0.41172884065766235,support
0.3915985229489379,256,66.41667583293747,50,0.5123065678334033,151507,0.8828496371998507,0.1862830098009456,0.3570557101927231,0.26672291263387127,0.46898246536367433,support
0.45413353393154754,256,68.06669958401471,50,0.5543379340033162,151508,0.894955144988166,0.2250080480496525,0.3449078437200433,0.38316784048065483,0.49231252409371795,support
0.47074454099874397,256,74.63737816701178,50,0.5576267028245715,151509,0.8841822994382758,0.27616280088513,0.4381061374728704,0.28062485699355255,0.46648938132029344,support
0.49355311989862194,256,71.49860366689973,50,0.5474924289620016,151510,0.8843318290180631,0.0300377370924592,0.14674526492056394,0.4113008194265977,0.4823227987921599,support
0.32914596782656813,256,55.825025667087175,50,0.4505832195645998,151669,0.8883790095647176,-0.021256527101997366,0.017560971272235035,0.2689574313161643,0.37904289370955235,support
0.39223356737680914,256,53.66710862494074,50,0.4151648702517486,151670,0.8822627706187112,0.04078816525382393,0.06351826303369332,0.25021552003669356,0.38596562379844995,support
0.3062664069190481,256,63.42681908304803,50,0.4634892046474048,151671,0.8865608349442482,-0.03710708551576346,0.02221904108129003,0.4243702637026857,0.5312327879810933,support
0.3634263272965373,256,68.11044624994975,50,0.48689614655842567,151672,0.8801650404930115,0.08889131677367769,0.19951485232409127,0.19251254311980004,0.34823622587816433,support
0.29200405721056766,256,77.4054662080016,50,0.4410914588690372,151673,0.8675211270650228,0.1805407759923443,0.39646483754919254,0.3451465080880022,0.5493690863499647,support
0.37275419313262426,256,71.25082037504762,50,0.46475520804828696,151674,0.866904330253601,0.11850955339209768,0.3226698299699963,0.3412942115257037,0.4486558808653744,support
0.3434094096526856,256,70.95262799994089,50,0.46326343669042463,151675,0.8582456026758466,0.1920530718728554,0.4174397985205627,0.31937106233377277,0.45616735879078313,support
0.27924108563057887,256,64.22258929198142,50,0.43118255387485716,151676,0.8641383392470223,0.1283176554826857,0.30432017123544963,0.24669645263755433,0.4481628352000992,support
0.38977548911113813,512,81.2401134580141,50,0.5118043531730485,151507,0.90601556830936,0.1883137726865348,0.3516207285398623,0.35529852318086164,0.44990559540991515,support
0.29837092065976545,512,82.23885008401703,50,0.41154346486653837,151508,0.9068502651320564,0.010757674095165754,0.026093576382232503,0.33051084443194445,0.4680540027815542,support
0.4794617280256914,512,89.41795645805541,50,0.5254035592972718,151509,0.902256965637207,0.27093533554660587,0.4311954459236622,0.2634015673154358,0.4536933215302018,sum
0.5036177190834891,512,85.50162820809055,50,0.5265356970934896,151510,0.9030012355910407,0.17597392336305803,0.3486033604459086,0.2719578206611225,0.44365246290035076,support
0.2735007604400092,512,65.5119379159296,50,0.38164626699109216,151669,0.9168236553668976,-0.02251925710473988,0.027161650567085492,0.12095078804494079,0.36805509924228824,support
0.39792638417477794,512,60.42289875005372,50,0.4493249274839024,151670,0.9040733320372445,0.03768704832203137,0.08280871471245409,0.19905382589153575,0.35924494297232196,support
0.3213738029848067,512,76.38639720797073,50,0.4529941074164977,151671,0.9062673225998878,-0.034453501389495364,0.01750467041888605,0.09623315422777075,0.30139789897102276,support
0.3559790452710913,512,70.62881850008853,50,0.49092525665936226,151672,0.8972608149051666,0.07579832014874759,0.14586257183922427,0.14498562325605546,0.33564066883725147,support
0.3605659576399992,512,65.04474279202987,50,0.5020762716153292,151673,0.8999388441443443,0.2155466345765078,0.39266744257413444,0.3847366398783103,0.5584561250113071,support
0.32676548027477326,512,64.7758293749066,50,0.44188873556096453,151674,0.8963018208742142,0.23500732019560758,0.3861309657256688,0.29997614721559934,0.422236557915194,support
0.34075774654580276,512,61.03170383407269,50,0.4694275697996355,151675,0.8840337480817523,0.1748211337235873,0.37462677963425417,0.34771751934810935,0.48813369767921144,support
0.2683416798091671,512,60.51583558390848,50,0.43237972699293353,151676,0.8873541269983564,0.12406805262273102,0.3288981156223724,0.2539000463242715,0.43135334295236094,support
