epoch,train_loss,train_same_layer_similarity,train_diff_layer_similarity,train_similarity_gap,val_loss,val_same_layer_similarity,val_diff_layer_similarity,val_similarity_gap,negative_margin_violation_rate
1,0.33763149604201315,0.6802623866498471,0.6669740779697895,0.013288308680057592,0.3386403024196625,0.7442352771759033,0.7241405248641968,0.020094752311706543,1.0
2,0.32851383462548256,0.6804977706074715,0.6545142176747322,0.02598355293273935,0.3312479257583618,0.7313053011894226,0.6975049376487732,0.033800363540649414,1.0
3,0.32097194239497184,0.6838645166158677,0.6403975892066955,0.04346692740917213,0.32157716155052185,0.7293020486831665,0.6750785708427429,0.054223477840423584,1.0
4,0.3115299215912819,0.6867485931515693,0.6195368826389313,0.06721171051263808,0.30585113167762756,0.7369269728660583,0.6479265093803406,0.08900046348571777,0.99984375
5,0.30201014056801795,0.6943514376878739,0.602113569676876,0.09223786801099787,0.29712530970573425,0.7382373213768005,0.6226295232772827,0.11560779809951782,0.9984375
6,0.2888991732895374,0.7011633348464966,0.5750847125053405,0.12607862234115608,0.2915189266204834,0.7342450022697449,0.5985710620880127,0.13567394018173218,0.9934375
7,0.2813134843111038,0.708868223130703,0.5599664966762066,0.1489017264544964,0.27554434537887573,0.7276802062988281,0.5494459271430969,0.1782342791557312,0.9815625
8,0.27234038479626177,0.7155852127075195,0.5401036423444748,0.17548157036304468,0.2728971540927887,0.7505546808242798,0.5638226270675659,0.18673205375671387,0.97328125
9,0.26429461382329467,0.7230069610476494,0.5234072797000409,0.19959968134760853,0.270076185464859,0.7459574937820435,0.5375975966453552,0.20835989713668823,0.96046875
10,0.2593281913548708,0.7270602744817733,0.5119918893277645,0.21506838515400883,0.26263633370399475,0.7626217007637024,0.5424855947494507,0.2201361060142517,0.95578125
11,0.25060540735721587,0.7340515103936195,0.4930959504842758,0.2409555599093437,0.2602434456348419,0.7464036345481873,0.49167105555534363,0.25473257899284363,0.91484375
12,0.24431141406297685,0.7412043297290802,0.476151557713747,0.2650527720153332,0.2568243443965912,0.7565219402313232,0.49554720520973206,0.2609747350215912,0.9171875
13,0.24046666897833346,0.7457646554708481,0.4692586927115917,0.27650596275925643,0.25228622555732727,0.7480946183204651,0.46254250407218933,0.28555211424827576,0.891875
14,0.23599644869565964,0.7492079880833625,0.4568479977548122,0.2923599903285503,0.25223904848098755,0.7428198456764221,0.44532737135887146,0.29749247431755066,0.87171875
15,0.2327794624865055,0.7522386258840561,0.448365703523159,0.3038729223608971,0.24979518353939056,0.7680214047431946,0.4931434988975525,0.2748779058456421,0.91421875
16,0.22701296396553516,0.7581595307588578,0.43592938393354413,0.32223014682531365,0.2511030435562134,0.7580609321594238,0.4602792263031006,0.29778170585632324,0.87015625
17,0.22239699020981787,0.7610270947217941,0.42284743428230287,0.3381796604394912,0.2504984736442566,0.7659896612167358,0.4593198299407959,0.30666983127593994,0.86859375
18,0.2190009581297636,0.7642390587925911,0.41194630950689315,0.352292749285698,0.24442461133003235,0.7607799768447876,0.4365803599357605,0.3241996169090271,0.8540625
19,0.2159804354608059,0.7697228279709816,0.4056896185874939,0.36403320938348765,0.2446022778749466,0.7739884853363037,0.44953811168670654,0.32445037364959717,0.85125
20,0.21375516213476659,0.7715501469373703,0.39844553768634794,0.3731046092510224,0.24095359444618225,0.767803966999054,0.43716180324554443,0.3306421637535095,0.85890625
21,0.2116416524350643,0.7744984173774719,0.393106742054224,0.3813916753232479,0.24361783266067505,0.7657084465026855,0.41805580258369446,0.3476526439189911,0.82390625
22,0.2062200540304184,0.7797989365458489,0.3775397251546383,0.40225921139121057,0.25167781114578247,0.7382750511169434,0.37072300910949707,0.3675520420074463,0.78390625
23,0.2065573612600565,0.7805824849009514,0.37742369771003725,0.40315878719091414,0.2400510013103485,0.7597755193710327,0.3886958956718445,0.37107962369918823,0.791875
24,0.20121961928904056,0.7836933961510658,0.3647116334736347,0.4189817626774311,0.2391626387834549,0.7772988677024841,0.4281657338142395,0.34913313388824463,0.83
25,0.1996366610378027,0.7858935317397118,0.3577254801988602,0.4281680515408516,0.23246479034423828,0.776456892490387,0.4100889563560486,0.3663679361343384,0.82515625
26,0.19707359202206134,0.7889770925045013,0.3514479622244835,0.43752913028001783,0.23677827417850494,0.763010561466217,0.3812642991542816,0.3817462623119354,0.79046875
27,0.19565614968538284,0.7907397949695587,0.34516944773495195,0.44557034723460676,0.2413577288389206,0.7683555483818054,0.3854936957359314,0.382861852645874,0.78203125
28,0.19283600762486458,0.7931261214613915,0.3376866579055786,0.4554394635558129,0.24077434837818146,0.7586370706558228,0.35556134581565857,0.4030757248401642,0.7628125
29,0.19189645282924175,0.7948440098762513,0.334283961802721,0.46056004807353024,0.23951461911201477,0.7628552317619324,0.36473387479782104,0.39812135696411133,0.7646875
30,0.18817918628454208,0.7987262737751007,0.3229400749504566,0.4757861988246441,0.24429328739643097,0.7551417350769043,0.33884796500205994,0.41629377007484436,0.73421875
31,0.18657806441187857,0.8002436468005181,0.3153378967195749,0.48490575008094317,0.2427138388156891,0.7577337622642517,0.34105461835861206,0.41667914390563965,0.7440625
32,0.18655149713158609,0.8025596797466278,0.3140003405511379,0.4885593391954899,0.2379273623228073,0.7577651739120483,0.34631165862083435,0.411453515291214,0.75265625
33,0.18213670700788498,0.804332608282566,0.3060587663203478,0.49827384196221824,0.23978501558303833,0.7565751671791077,0.3360607922077179,0.42051437497138977,0.7421875
34,0.1812793453782797,0.8057286092638969,0.30007225178182123,0.5056563574820756,0.23304544389247894,0.7800710797309875,0.37885838747024536,0.4012126922607422,0.78171875
35,0.18168325275182723,0.8072572788596153,0.3024624379724264,0.504794840887189,0.23580950498580933,0.7644082903862,0.34654226899147034,0.4178660213947296,0.75546875
36,0.17953193917870522,0.8091247114539146,0.2965729236602783,0.5125517877936363,0.239796981215477,0.761965811252594,0.3586019277572632,0.4033638834953308,0.75890625
37,0.17570472501218318,0.8104816433787346,0.28252776242792604,0.5279538809508086,0.24447086453437805,0.754994809627533,0.31914469599723816,0.4358501136302948,0.718125
38,0.17608269527554513,0.8118388250470161,0.28156168669462206,0.5302771383523941,0.2361079454421997,0.7592947483062744,0.328242689371109,0.4310520589351654,0.73546875
39,0.17519224099814892,0.8131542780995369,0.2769288333505392,0.5362254447489977,0.24386271834373474,0.7554399371147156,0.3181570768356323,0.43728286027908325,0.71609375
40,0.17490193709731103,0.8147206073999405,0.27583053141832353,0.5388900759816169,0.24285487830638885,0.7540078163146973,0.31109315156936646,0.4429146647453308,0.71328125
41,0.1732273032516241,0.8140763175487519,0.2728866957873106,0.5411896217614413,0.24299222230911255,0.7462048530578613,0.2960623800754547,0.4501424729824066,0.69890625
42,0.17097477845847606,0.8156741696596146,0.263651734367013,0.5520224352926015,0.24709449708461761,0.7441430687904358,0.2975368797779083,0.44660618901252747,0.7059375
43,0.17020700670778752,0.8170508459210396,0.26349626936018467,0.5535545765608549,0.23741018772125244,0.768674373626709,0.33795708417892456,0.4307172894477844,0.73609375
44,0.16832732900977135,0.8183959242701531,0.2554709381610155,0.5629249861091375,0.24439555406570435,0.7570618987083435,0.3115166425704956,0.4455452561378479,0.70671875
45,0.16727355562150478,0.8201645544171333,0.24786521591246127,0.5722993385046721,0.25580069422721863,0.7367047071456909,0.28019022941589355,0.45651447772979736,0.680625
46,0.16702155023813248,0.8207952797412872,0.2488276694715023,0.5719676102697848,0.254381388425827,0.7471439242362976,0.29854288697242737,0.44860103726387024,0.69609375
47,0.16511004894971848,0.8215223169326782,0.24568878196179866,0.5758335349708795,0.2476235181093216,0.753909707069397,0.31992214918136597,0.433987557888031,0.7190625
48,0.16456027515232563,0.8236073791980744,0.24109033435583116,0.5825170448422432,0.2518562972545624,0.7381817102432251,0.2651463747024536,0.4730353355407715,0.663125
49,0.16370328329503536,0.8232012277841568,0.23757526710629462,0.5856259606778622,0.24057906866073608,0.7562732100486755,0.2893039286136627,0.4669692814350128,0.68234375
50,0.1640687095373869,0.8225649580359459,0.24279621839523316,0.5797687396407127,0.24751682579517365,0.7438089847564697,0.2774377167224884,0.4663712680339813,0.68359375
51,0.15982110124081372,0.8265264394879341,0.22589178215712308,0.600634657330811,0.24233444035053253,0.7499229311943054,0.29037147760391235,0.45955145359039307,0.691875
52,0.15966699026525022,0.8271126201748848,0.22514705523848533,0.6019655649363995,0.2542521357536316,0.7413521409034729,0.29713448882102966,0.44421765208244324,0.691875
53,0.15885985568165778,0.8273890325427056,0.22195094227790832,0.6054380902647972,0.25313976407051086,0.744845449924469,0.29046666622161865,0.45437878370285034,0.68484375
54,0.16046911500394345,0.8279718142747879,0.224037667773664,0.603934146501124,0.2542617619037628,0.7392561435699463,0.2869842052459717,0.4522719383239746,0.68671875
55,0.15714456830173731,0.8293564820289612,0.21625576492398976,0.6131007171049714,0.2544255256652832,0.7408584356307983,0.2714996039867401,0.4693588316440582,0.66984375
56,0.15650944411754608,0.8310453823208809,0.21365636389702558,0.6173890184238553,0.24866989254951477,0.7504860162734985,0.2914385497570038,0.45904746651649475,0.68515625
57,0.15535417046397926,0.8310820946097374,0.21099391032010317,0.6200881842896342,0.257034033536911,0.7368261814117432,0.2613876760005951,0.47543850541114807,0.6578125
58,0.15559046063572168,0.8324210000038147,0.214402651488781,0.6180183485150337,0.25446608662605286,0.7443826198577881,0.2835047245025635,0.4608778953552246,0.675
59,0.15438231348991394,0.8324472603201866,0.20732362620532513,0.6251236341148614,0.24963024258613586,0.7448777556419373,0.27684852480888367,0.4680292308330536,0.680625
60,0.15289743445813656,0.83380878418684,0.20338723216205834,0.6304215520247817,0.25416138768196106,0.7391418218612671,0.25900134444236755,0.48014047741889954,0.65765625
61,0.1539799562469125,0.832612741291523,0.2039585267752409,0.6286542145162821,0.25085166096687317,0.7455357909202576,0.2811405658721924,0.4643952250480652,0.67765625
62,0.15225986525416374,0.8347979333996772,0.19828516032546759,0.6365127730742096,0.2546688914299011,0.7338925004005432,0.24412089586257935,0.48977160453796387,0.64890625
63,0.15255523677915334,0.8330569291114807,0.20102707125246524,0.6320298578590154,0.2572932243347168,0.7374566793441772,0.2565233111381531,0.48093336820602417,0.65171875
64,0.15109379332512618,0.8345226302742959,0.19528972916305065,0.6392329011112452,0.2539654076099396,0.742197573184967,0.26853278279304504,0.473664790391922,0.6678125
65,0.14804250858724116,0.8354574206471443,0.1850570674613118,0.6504003531858326,0.2626308500766754,0.7330563068389893,0.24944210052490234,0.4836142063140869,0.64484375
66,0.149133224748075,0.8371651503443718,0.18456275030970573,0.6526024000346661,0.26281872391700745,0.7326141595840454,0.24585895240306854,0.48675520718097687,0.6478125
67,0.15053097829222678,0.8377341678738595,0.1955445172637701,0.6421896506100894,0.25548264384269714,0.7387474179267883,0.2681971490383148,0.4705502688884735,0.66453125
68,0.14588367834687233,0.8390809664130211,0.1725917274877429,0.6664892389252782,0.26608923077583313,0.7247440218925476,0.2389148771762848,0.4858291447162628,0.64421875
69,0.14686284150928258,0.8391091701388359,0.1763285166397691,0.6627806534990668,0.2453719973564148,0.7484561204910278,0.2501842975616455,0.4982718229293823,0.64125
70,0.14520661298185586,0.8407399177551269,0.17020928148180248,0.6705306362733244,0.253841370344162,0.7406733632087708,0.2552010715007782,0.48547229170799255,0.6515625
71,0.14461847260594368,0.8402831304073334,0.17318450547754766,0.6670986249297857,0.2656055688858032,0.7370908856391907,0.2778273820877075,0.45926350355148315,0.66734375
72,0.14549124237149955,0.8415540921688079,0.17345313055440784,0.6681009616144001,0.26382651925086975,0.7313545346260071,0.2217797338962555,0.5095748007297516,0.6184375
73,0.14519256457686425,0.8404354310035705,0.173688490036875,0.6667469409666955,0.2640513777732849,0.7371652126312256,0.2562562823295593,0.48090893030166626,0.64796875
74,0.1433734729886055,0.8406990560889244,0.16947649825364353,0.6712225578352808,0.26465070247650146,0.7264383435249329,0.23227383196353912,0.49416451156139374,0.635625
75,0.14511089995503426,0.8413399505615234,0.17076965308748185,0.6705702974740416,0.2691974639892578,0.7271755933761597,0.2579404413700104,0.4692351520061493,0.65765625
76,0.14519558511674405,0.8421926152706146,0.17601831084117292,0.6661743044294417,0.2610663175582886,0.7313286066055298,0.25690627098083496,0.4744223356246948,0.6596875
77,0.14384291328489782,0.8417849913239479,0.16766901685856284,0.6741159744653851,0.2583339810371399,0.7346823215484619,0.2574184536933899,0.477263867855072,0.65296875
78,0.1422495187819004,0.8415242946147918,0.16485215209424495,0.6766721425205469,0.27108538150787354,0.7209882140159607,0.23783092200756073,0.48315729200839996,0.63265625
79,0.14173354342579841,0.843013459444046,0.16318469379097222,0.6798287656530738,0.2739795744419098,0.7227990627288818,0.2424643337726593,0.48033472895622253,0.63703125
80,0.14269591949880123,0.8429545211791992,0.16678555220365524,0.676168968975544,0.2686936557292938,0.7199134826660156,0.22589275240898132,0.4940207302570343,0.62765625
81,0.14051092069596052,0.8457244658470153,0.1572078113933094,0.6885166544537059,0.26106536388397217,0.7370327115058899,0.25644102692604065,0.48059168457984924,0.65109375
82,0.13897837944328784,0.8451973155140877,0.15587865307927132,0.6893186624348164,0.27398625016212463,0.7184463739395142,0.21423141658306122,0.5042149573564529,0.6140625
83,0.1389362606778741,0.8457472762465477,0.15204452764242887,0.6937027486041187,0.2669390141963959,0.7295081615447998,0.24173389375209808,0.4877742677927017,0.63390625
84,0.13840611770749092,0.8458201166987419,0.1484856873936951,0.6973344293050467,0.2672046720981598,0.7313584685325623,0.2304956018924713,0.5008628666400909,0.62046875
85,0.1399499313905835,0.8468158075213432,0.15918955830857157,0.6876262492127716,0.27281317114830017,0.7255454063415527,0.23360690474510193,0.4919385015964508,0.6253125
86,0.13940236452966928,0.8466932493448257,0.15506370251532645,0.6916295468294993,0.2682577967643738,0.7230503559112549,0.23898154497146606,0.4840688109397888,0.63421875
87,0.13819535747170447,0.846622884273529,0.15106428314000367,0.6955586011335254,0.2719781696796417,0.7284162640571594,0.2509203255176544,0.477495938539505,0.6390625
88,0.1375847677513957,0.847241972386837,0.14668769907206297,0.700554273314774,0.26892557740211487,0.7167569994926453,0.21041564643383026,0.506341353058815,0.61234375
89,0.13752549063414335,0.8467747768759728,0.15351530386134982,0.693259473014623,0.2668047845363617,0.7254898548126221,0.24011951684951782,0.48537033796310425,0.63234375
90,0.1373745857924223,0.8470825496315956,0.15114707594737412,0.6959354736842215,0.2887797951698303,0.7123193144798279,0.22936111688613892,0.48295819759368896,0.62140625
91,0.13605737701058387,0.8475145119428634,0.14066773670725524,0.7068467752356082,0.2691650688648224,0.7207439541816711,0.21623632311820984,0.5045076310634613,0.620625
92,0.13441458906978368,0.8485918661952019,0.13886431469582022,0.7097275514993817,0.2848532795906067,0.7103064060211182,0.22111652791500092,0.48918987810611725,0.61640625
93,0.13628687050193547,0.8490796047449112,0.14524247366003692,0.7038371310848742,0.27277013659477234,0.7181742191314697,0.22908426821231842,0.4890899509191513,0.63109375
94,0.1352609070762992,0.8494062855839729,0.1418513719039038,0.7075549136800692,0.27737998962402344,0.7231094241142273,0.22973911464214325,0.49337030947208405,0.6215625
95,0.13449370685964823,0.850077155828476,0.13881869843229652,0.7112584573961794,0.26947125792503357,0.7232599854469299,0.22013729810714722,0.5031226873397827,0.61171875
96,0.13422374811023474,0.8503118860721588,0.14231227951124312,0.7079996065609157,0.26931267976760864,0.7258641719818115,0.22309105098247528,0.5027731209993362,0.61671875
97,0.13334677141159773,0.850778880417347,0.1377832871116698,0.7129955933056772,0.27800577878952026,0.7170892357826233,0.22689847648143768,0.4901907593011856,0.6184375
98,0.13379496276378633,0.8497537928819656,0.13352193578146399,0.7162318571005016,0.2724064886569977,0.720246434211731,0.22740264236927032,0.49284379184246063,0.6246875
99,0.13389557972550392,0.8496920904517173,0.13560751270502805,0.7140845777466893,0.2743971049785614,0.7153759002685547,0.22301563620567322,0.49236026406288147,0.62328125
100,0.13192089356482029,0.8515709471702576,0.12955095438286662,0.7220199927873909,0.2742856740951538,0.7116004228591919,0.20726798474788666,0.5043324381113052,0.6065625
101,0.13165134854614735,0.851028493642807,0.13049912403337657,0.7205293696094304,0.2702113389968872,0.7365863919258118,0.2544637620449066,0.48212262988090515,0.63734375
102,0.13117900390177964,0.8525055059790612,0.1262675749277696,0.7262379310512915,0.29395732283592224,0.6975038051605225,0.18142566084861755,0.5160781443119049,0.58421875
103,0.13023242086172104,0.8526958853006363,0.12043076206929981,0.7322651232313365,0.2899301052093506,0.7047439813613892,0.19756737351417542,0.5071766078472137,0.59140625
104,0.13001869071274996,0.852655320763588,0.11710997019894422,0.7355453505646438,0.27724629640579224,0.709675669670105,0.20938505232334137,0.5002906173467636,0.6078125
105,0.1316978607326746,0.852206997871399,0.1279531316459179,0.724253866225481,0.29236701130867004,0.7057353258132935,0.20208312571048737,0.5036522001028061,0.59890625
106,0.12938658080995083,0.854441118836403,0.1232281003613025,0.7312130184751005,0.2752475440502167,0.7148984670639038,0.20843259990215302,0.5064658671617508,0.61140625
107,0.12827257305383682,0.8551630708575249,0.1150219253823161,0.7401411454752087,0.27818986773490906,0.719146728515625,0.2193891853094101,0.4997575432062149,0.6140625
108,0.1288618065789342,0.8554513013362884,0.12019080669619144,0.735260494640097,0.2882903814315796,0.7091943621635437,0.21791978180408478,0.4912745803594589,0.61390625
109,0.1296770805865526,0.8547443842887879,0.12419857237488031,0.7305458119139076,0.27371272444725037,0.7132473587989807,0.20746414363384247,0.5057832151651382,0.61265625
110,0.12749862894415856,0.8547571229934693,0.11578827440273017,0.7389688485907391,0.2736661434173584,0.7175034880638123,0.22403913736343384,0.4934643507003784,0.62359375
111,0.12780608769506216,0.8555845433473587,0.11589582591783255,0.7396887174295261,0.2859015464782715,0.6994411945343018,0.18346799910068512,0.5159731954336166,0.58671875
112,0.12844506666064262,0.8552497011423111,0.11373682702891529,0.7415128741133958,0.2803457975387573,0.7112372517585754,0.21554799377918243,0.495689257979393,0.6146875
113,0.1278739282861352,0.8558503609895706,0.11486319930292666,0.7409871616866439,0.2811378240585327,0.7127881646156311,0.20719227194786072,0.5055958926677704,0.60140625
114,0.12634535882622003,0.8571267038583755,0.11114623631816357,0.745980467540212,0.283620148897171,0.7147880792617798,0.2112276405096054,0.5035604387521744,0.60859375
115,0.12833967726677656,0.8576264131069183,0.11658387422561646,0.7410425388813019,0.3010178804397583,0.6909663677215576,0.18252643942832947,0.5084399282932281,0.5825
116,0.1256280019879341,0.8561532524228096,0.11134606773965061,0.744807184683159,0.28381454944610596,0.7057287096977234,0.20002494752407074,0.5057037621736526,0.59984375
117,0.1251025616750121,0.8580197405815124,0.10688687460497022,0.7511328659765422,0.29472237825393677,0.7000064253807068,0.2026311457157135,0.4973752796649933,0.59625
118,0.12550966609269382,0.8572898828983306,0.1067234280332923,0.7505664548650384,0.285540908575058,0.7089748978614807,0.20173434913158417,0.5072405487298965,0.59890625
119,0.12386381067335606,0.8582362985610962,0.1069553823210299,0.7512809162400663,0.28186821937561035,0.7198633551597595,0.24508099257946014,0.4747823625802994,0.63875
120,0.12352040778845548,0.859073490202427,0.1039752471074462,0.7550982430949807,0.2882227599620819,0.7068890929222107,0.2060210406780243,0.5008680522441864,0.59625
121,0.12210035275667906,0.8580906715989113,0.09333028282504528,0.764760388773866,0.2834637761116028,0.7093783617019653,0.2141532152891159,0.4952251464128494,0.61125
122,0.12374268133193254,0.859192066192627,0.10598284656181932,0.7532092196308077,0.29513680934906006,0.6969689726829529,0.2049233764410019,0.492045596241951,0.59859375
123,0.12260070320218802,0.8590832850337029,0.09733531744685024,0.7617479675868527,0.29295945167541504,0.7018813490867615,0.20047657191753387,0.5014047771692276,0.59890625
124,0.1224926195666194,0.8593701744079589,0.09820597671205178,0.7611641976959072,0.29273414611816406,0.6992496252059937,0.19657191634178162,0.502677708864212,0.59609375
125,0.12144891135394573,0.86086330473423,0.1007170123886317,0.7601462923455983,0.2942728102207184,0.6949805617332458,0.19744832813739777,0.4975322335958481,0.5965625
126,0.12114714298397303,0.8610255202651024,0.09318861247273162,0.7678369077923708,0.28143689036369324,0.714723527431488,0.2301730364561081,0.48455049097537994,0.62375
127,0.12215982425957918,0.8608785170316696,0.09696934694657103,0.7639091700850986,0.2930968105792999,0.701369047164917,0.19391930103302002,0.507449746131897,0.5884375
128,0.1208777417615056,0.8611347559094429,0.09138593322131783,0.7697488226881251,0.2950235605239868,0.7018125653266907,0.19113539159297943,0.5106771737337112,0.58875
129,0.1214916380494833,0.8604361990094185,0.09612438254989683,0.7643118164595216,0.29738178849220276,0.6971521973609924,0.1813083291053772,0.5158438682556152,0.58046875
130,0.12145848579704761,0.860709585249424,0.09619395514251665,0.7645156301069074,0.29671600461006165,0.7008650898933411,0.19952060282230377,0.5013444870710373,0.59296875
131,0.12185916557908058,0.8618741598725319,0.09789303158409894,0.763981128288433,0.28554239869117737,0.7041326761245728,0.19868403673171997,0.5054486393928528,0.6015625
132,0.1185670480504632,0.861767019033432,0.08957892050035297,0.772188098533079,0.2898237407207489,0.7013558149337769,0.19899986684322357,0.5023559480905533,0.60140625
